-- Snacks
INSERT INTO Snack VALUES ('DA6DFE65-2578-40D3-AC44-BB1A48E328D4', 'X-Bacon');
INSERT INTO Snack VALUES ('0448BE35-83F1-464A-B4C6-027022FEA44D', 'X-Burger');
INSERT INTO Snack VALUES ('07661654-8110-4E72-8FBC-FB0DC7EF1CC8', 'X-Egg');
INSERT INTO Snack VALUES ('41EC587D-769A-4A92-9686-DB6D136CAE83', 'X-Egg Bacon');

-- Ingredients
INSERT INTO Ingredient VALUES('6F90FE6E-DD74-49A3-8017-2D1C2F82D5A7', 'Alface', 0.40);
INSERT INTO Ingredient VALUES('A775C95F-50C0-4EB5-9B3B-88C04B887D64', 'Bacon', 2.00);
INSERT INTO Ingredient VALUES('683BE3CE-54C2-4229-8B89-A41A81450A0F', 'Hambúrguer de carne', 3.00);
INSERT INTO Ingredient VALUES('0F49587B-6B45-4857-A290-C577ED5CE6A7', 'Ovo', 0.80);
INSERT INTO Ingredient VALUES('4B9EE171-46AD-48B1-B7A1-C7339D8F00C7', 'Queijo', 1.50);

--Snack Ingredients
-- X-bacon: Bacon, hambúrguer de carne e queijo
INSERT INTO SnackIngredients VALUES('DA6DFE65-2578-40D3-AC44-BB1A48E328D4', 'A775C95F-50C0-4EB5-9B3B-88C04B887D64', 1);
INSERT INTO SnackIngredients VALUES('DA6DFE65-2578-40D3-AC44-BB1A48E328D4', '683BE3CE-54C2-4229-8B89-A41A81450A0F', 1);
INSERT INTO SnackIngredients VALUES('DA6DFE65-2578-40D3-AC44-BB1A48E328D4', '4B9EE171-46AD-48B1-B7A1-C7339D8F00C7', 1);

-- X-Burger: Hambúrguer de carne e queijo
INSERT INTO SnackIngredients VALUES('0448BE35-83F1-464A-B4C6-027022FEA44D', '683BE3CE-54C2-4229-8B89-A41A81450A0F', 1);
INSERT INTO SnackIngredients VALUES('0448BE35-83F1-464A-B4C6-027022FEA44D', '4B9EE171-46AD-48B1-B7A1-C7339D8F00C7', 1);

-- X-Egg: Ovo, hambúrguer de carne e queijo
INSERT INTO SnackIngredients VALUES('07661654-8110-4E72-8FBC-FB0DC7EF1CC8', '683BE3CE-54C2-4229-8B89-A41A81450A0F', 1);
INSERT INTO SnackIngredients VALUES('07661654-8110-4E72-8FBC-FB0DC7EF1CC8', '0F49587B-6B45-4857-A290-C577ED5CE6A7', 1);
INSERT INTO SnackIngredients VALUES('07661654-8110-4E72-8FBC-FB0DC7EF1CC8', '4B9EE171-46AD-48B1-B7A1-C7339D8F00C7', 1);

-- X-Egg Bacon: Ovo, bacon, hambúrguer de carne e queijo
INSERT INTO SnackIngredients VALUES('41EC587D-769A-4A92-9686-DB6D136CAE83', '0F49587B-6B45-4857-A290-C577ED5CE6A7', 1);
INSERT INTO SnackIngredients VALUES('41EC587D-769A-4A92-9686-DB6D136CAE83', '683BE3CE-54C2-4229-8B89-A41A81450A0F', 1);
INSERT INTO SnackIngredients VALUES('41EC587D-769A-4A92-9686-DB6D136CAE83', '4B9EE171-46AD-48B1-B7A1-C7339D8F00C7', 1);
INSERT INTO SnackIngredients VALUES('41EC587D-769A-4A92-9686-DB6D136CAE83', 'A775C95F-50C0-4EB5-9B3B-88C04B887D64', 1);

-- Discounts 
INSERT INTO Discount VALUES('DBBB1B51-86A5-4945-BE59-79C42635A88C', 'Light', '6F90FE6E-DD74-49A3-8017-2D1C2F82D5A7', 'A775C95F-50C0-4EB5-9B3B-88C04B887D64', 1, null, 10, 1);
INSERT INTO Discount VALUES('4C464B09-3E4E-4000-A54A-39A56F73415D', 'Muita Carne', '683BE3CE-54C2-4229-8B89-A41A81450A0F', null, 2, 3, 33.33, 1);
INSERT INTO Discount VALUES('815D70EF-2F24-47E9-B8F3-B871D0C095FC', 'Muito Queijo', '4B9EE171-46AD-48B1-B7A1-C7339D8F00C7', null, 2, 3, 33.33, 1);




